"scenario","region","subRegion","param","classLabel","class","xLabel","x","vintage","units","value"
"Baseline_NDC","EU-12","EU-12","emissGHGBySectorBuildingsGWPAR5","ghg","CH4","Year",1990,"Vint_1990","GHG emissions - (MTCO2eq)",17.314728396
"Baseline_NDC","EU-12","EU-12","emissGHGBySectorPowerGWPAR5","ghg","CH4","Year",1990,"Vint_1990","GHG emissions - (MTCO2eq)",2.8105272496
"Baseline_NDC","EU-12","EU-12","emissGHGBySectorBuildingsGWPAR5","ghg","CO2","Year",1990,"Vint_1990","GHG emissions - (MTCO2eq)",263.016279310898
"Baseline_NDC","EU-12","EU-12","emissGHGBySectorPowerGWPAR5","ghg","CO2","Year",1990,"Vint_1990","GHG emissions - (MTCO2eq)",716.995894215333
"Baseline_NDC","EU-12","EU-12","emissGHGBySectorBuildingsGWPAR5","ghg","HFCs","Year",1990,"Vint_1990","GHG emissions - (MTCO2eq)",0.000779216895
"Baseline_NDC","EU-12","EU-12","emissGHGBySectorBuildingsGWPAR5","ghg","N2O","Year",1990,"Vint_1990","GHG emissions - (MTCO2eq)",1.5741101442
"Baseline_NDC","EU-12","EU-12","emissGHGBySectorPowerGWPAR5","ghg","N2O","Year",1990,"Vint_1990","GHG emissions - (MTCO2eq)",2.6139641446
"Baseline_NDC","EU-12","EU-12","emissGHGBySectorPowerGWPAR5","ghg","SF6","Year",1990,"Vint_1990","GHG emissions - (MTCO2eq)",0.25126717
"Baseline_NDC","EU-12","EU-12","emissGHGBySectorBuildingsGWPAR5","ghg","CH4","Year",2005,"Vint_2005","GHG emissions - (MTCO2eq)",20.6277123416
"Baseline_NDC","EU-12","EU-12","emissGHGBySectorPowerGWPAR5","ghg","CH4","Year",2005,"Vint_2005","GHG emissions - (MTCO2eq)",2.199296344
"Baseline_NDC","EU-12","EU-12","emissGHGBySectorBuildingsGWPAR5","ghg","CO2","Year",2005,"Vint_2005","GHG emissions - (MTCO2eq)",184.178161280474
"Baseline_NDC","EU-12","EU-12","emissGHGBySectorPowerGWPAR5","ghg","CO2","Year",2005,"Vint_2005","GHG emissions - (MTCO2eq)",626.931658466667
"Baseline_NDC","EU-12","EU-12","emissGHGBySectorBuildingsGWPAR5","ghg","HFCs","Year",2005,"Vint_2005","GHG emissions - (MTCO2eq)",16.216895403
"Baseline_NDC","EU-12","EU-12","emissGHGBySectorBuildingsGWPAR5","ghg","N2O","Year",2005,"Vint_2005","GHG emissions - (MTCO2eq)",1.2653733941
"Baseline_NDC","EU-12","EU-12","emissGHGBySectorPowerGWPAR5","ghg","N2O","Year",2005,"Vint_2005","GHG emissions - (MTCO2eq)",3.82996179
"Baseline_NDC","EU-12","EU-12","emissGHGBySectorPowerGWPAR5","ghg","SF6","Year",2005,"Vint_2005","GHG emissions - (MTCO2eq)",0.45876747
"Baseline_NDC","EU-12","EU-12","emissGHGBySectorBuildingsGWPAR5","ghg","CH4","Year",2010,"Vint_2010","GHG emissions - (MTCO2eq)",21.9887303888
"Baseline_NDC","EU-12","EU-12","emissGHGBySectorPowerGWPAR5","ghg","CH4","Year",2010,"Vint_2010","GHG emissions - (MTCO2eq)",2.25557976
"Baseline_NDC","EU-12","EU-12","emissGHGBySectorBuildingsGWPAR5","ghg","CO2","Year",2010,"Vint_2010","GHG emissions - (MTCO2eq)",195.613879472296
"Baseline_NDC","EU-12","EU-12","emissGHGBySectorPowerGWPAR5","ghg","CO2","Year",2010,"Vint_2010","GHG emissions - (MTCO2eq)",630.903947122533
"Baseline_NDC","EU-12","EU-12","emissGHGBySectorBuildingsGWPAR5","ghg","HFCs","Year",2010,"Vint_2010","GHG emissions - (MTCO2eq)",28.52505397935
"Baseline_NDC","EU-12","EU-12","emissGHGBySectorBuildingsGWPAR5","ghg","N2O","Year",2010,"Vint_2010","GHG emissions - (MTCO2eq)",1.5111114292
"Baseline_NDC","EU-12","EU-12","emissGHGBySectorPowerGWPAR5","ghg","N2O","Year",2010,"Vint_2010","GHG emissions - (MTCO2eq)",4.61046576
"Baseline_NDC","EU-12","EU-12","emissGHGBySectorPowerGWPAR5","ghg","SF6","Year",2010,"Vint_2010","GHG emissions - (MTCO2eq)",0.6526326
"Baseline_NDC","EU-12","EU-12","emissGHGBySectorBuildingsGWPAR5","ghg","CH4","Year",2015,"Vint_2015","GHG emissions - (MTCO2eq)",18.8175046024
"Baseline_NDC","EU-12","EU-12","emissGHGBySectorPowerGWPAR5","ghg","CH4","Year",2015,"Vint_2015","GHG emissions - (MTCO2eq)",1.97079568
"Baseline_NDC","EU-12","EU-12","emissGHGBySectorBuildingsGWPAR5","ghg","CO2","Year",2015,"Vint_2015","GHG emissions - (MTCO2eq)",156.257095403296
"Baseline_NDC","EU-12","EU-12","emissGHGBySectorPowerGWPAR5","ghg","CO2","Year",2015,"Vint_2015","GHG emissions - (MTCO2eq)",569.776628890333
"Baseline_NDC","EU-12","EU-12","emissGHGBySectorBuildingsGWPAR5","ghg","HFCs","Year",2015,"Vint_2015","GHG emissions - (MTCO2eq)",38.5526528955
"Baseline_NDC","EU-12","EU-12","emissGHGBySectorBuildingsGWPAR5","ghg","N2O","Year",2015,"Vint_2015","GHG emissions - (MTCO2eq)",1.3934014449
"Baseline_NDC","EU-12","EU-12","emissGHGBySectorPowerGWPAR5","ghg","N2O","Year",2015,"Vint_2015","GHG emissions - (MTCO2eq)",5.41850005
"Baseline_NDC","EU-12","EU-12","emissGHGBySectorPowerGWPAR5","ghg","SF6","Year",2015,"Vint_2015","GHG emissions - (MTCO2eq)",0.7327535
"Baseline_NDC","EU-12","EU-12","emissGHGBySectorBuildingsGWPAR5","ghg","CH4","Year",2020,"Vint_2020","GHG emissions - (MTCO2eq)",20.3879959248
"Baseline_NDC","EU-12","EU-12","emissGHGBySectorPowerGWPAR5","ghg","CH4","Year",2020,"Vint_2020","GHG emissions - (MTCO2eq)",2.06571467648
"Baseline_NDC","EU-12","EU-12","emissGHGBySectorBuildingsGWPAR5","ghg","CO2","Year",2020,"Vint_2020","GHG emissions - (MTCO2eq)",167.236940811754
"Baseline_NDC","EU-12","EU-12","emissGHGBySectorPowerGWPAR5","ghg","CO2","Year",2020,"Vint_2020","GHG emissions - (MTCO2eq)",649.034305921467
"Baseline_NDC","EU-12","EU-12","emissGHGBySectorBuildingsGWPAR5","ghg","HFCs","Year",2020,"Vint_2020","GHG emissions - (MTCO2eq)",43.0313354631
"Baseline_NDC","EU-12","EU-12","emissGHGBySectorBuildingsGWPAR5","ghg","N2O","Year",2020,"Vint_2020","GHG emissions - (MTCO2eq)",1.3044295287
"Baseline_NDC","EU-12","EU-12","emissGHGBySectorPowerGWPAR5","ghg","N2O","Year",2020,"Vint_2020","GHG emissions - (MTCO2eq)",6.3920430686
"Baseline_NDC","EU-12","EU-12","emissGHGBySectorPowerGWPAR5","ghg","SF6","Year",2020,"Vint_2020","GHG emissions - (MTCO2eq)",0.8259733
"Baseline_NDC","EU-12","EU-12","emissGHGBySectorBuildingsGWPAR5","ghg","CH4","Year",2025,"Vint_2025","GHG emissions - (MTCO2eq)",19.331135246136
"Baseline_NDC","EU-12","EU-12","emissGHGBySectorPowerGWPAR5","ghg","CH4","Year",2025,"Vint_2025","GHG emissions - (MTCO2eq)",0.54955767244
"Baseline_NDC","EU-12","EU-12","emissGHGBySectorBuildingsGWPAR5","ghg","CO2","Year",2025,"Vint_2025","GHG emissions - (MTCO2eq)",59.3170094624737
"Baseline_NDC","EU-12","EU-12","emissGHGBySectorPowerGWPAR5","ghg","CO2","Year",2025,"Vint_2025","GHG emissions - (MTCO2eq)",190.61156582468
"Baseline_NDC","EU-12","EU-12","emissGHGBySectorBuildingsGWPAR5","ghg","HFCs","Year",2025,"Vint_2025","GHG emissions - (MTCO2eq)",30.66353778726
"Baseline_NDC","EU-12","EU-12","emissGHGBySectorBuildingsGWPAR5","ghg","N2O","Year",2025,"Vint_2025","GHG emissions - (MTCO2eq)",1.93207698257
"Baseline_NDC","EU-12","EU-12","emissGHGBySectorPowerGWPAR5","ghg","N2O","Year",2025,"Vint_2025","GHG emissions - (MTCO2eq)",1.66849669304
"Baseline_NDC","EU-12","EU-12","emissGHGBySectorPowerGWPAR5","ghg","SF6","Year",2025,"Vint_2025","GHG emissions - (MTCO2eq)",0.6119635
"Baseline_NDC","EU-12","EU-12","emissGHGBySectorBuildingsGWPAR5","ghg","CH4","Year",2030,"Vint_2030","GHG emissions - (MTCO2eq)",20.505735054
"Baseline_NDC","EU-12","EU-12","emissGHGBySectorPowerGWPAR5","ghg","CH4","Year",2030,"Vint_2030","GHG emissions - (MTCO2eq)",0.720907783904
"Baseline_NDC","EU-12","EU-12","emissGHGBySectorBuildingsGWPAR5","ghg","CO2","Year",2030,"Vint_2030","GHG emissions - (MTCO2eq)",69.1717301264977
"Baseline_NDC","EU-12","EU-12","emissGHGBySectorPowerGWPAR5","ghg","CO2","Year",2030,"Vint_2030","GHG emissions - (MTCO2eq)",260.522149657587
"Baseline_NDC","EU-12","EU-12","emissGHGBySectorBuildingsGWPAR5","ghg","HFCs","Year",2030,"Vint_2030","GHG emissions - (MTCO2eq)",31.82680874799
"Baseline_NDC","EU-12","EU-12","emissGHGBySectorBuildingsGWPAR5","ghg","N2O","Year",2030,"Vint_2030","GHG emissions - (MTCO2eq)",1.9283521855
"Baseline_NDC","EU-12","EU-12","emissGHGBySectorPowerGWPAR5","ghg","N2O","Year",2030,"Vint_2030","GHG emissions - (MTCO2eq)",2.32793703378
"Baseline_NDC","EU-12","EU-12","emissGHGBySectorPowerGWPAR5","ghg","SF6","Year",2030,"Vint_2030","GHG emissions - (MTCO2eq)",0.74824
"Baseline_NDC","EU-15","EU-15","emissGHGBySectorBuildingsGWPAR5","ghg","CH4","Year",1990,"Vint_1990","GHG emissions - (MTCO2eq)",38.7508505620544
"Baseline_NDC","EU-15","EU-15","emissGHGBySectorPowerGWPAR5","ghg","CH4","Year",1990,"Vint_1990","GHG emissions - (MTCO2eq)",2.72929944
"Baseline_NDC","EU-15","EU-15","emissGHGBySectorBuildingsGWPAR5","ghg","CO2","Year",1990,"Vint_1990","GHG emissions - (MTCO2eq)",1149.66668447346
"Baseline_NDC","EU-15","EU-15","emissGHGBySectorPowerGWPAR5","ghg","CO2","Year",1990,"Vint_1990","GHG emissions - (MTCO2eq)",1975.19925093333
"Baseline_NDC","EU-15","EU-15","emissGHGBySectorBuildingsGWPAR5","ghg","HFCs","Year",1990,"Vint_1990","GHG emissions - (MTCO2eq)",0.0312083496
"Baseline_NDC","EU-15","EU-15","emissGHGBySectorBuildingsGWPAR5","ghg","N2O","Year",1990,"Vint_1990","GHG emissions - (MTCO2eq)",3.7462708521
"Baseline_NDC","EU-15","EU-15","emissGHGBySectorPowerGWPAR5","ghg","N2O","Year",1990,"Vint_1990","GHG emissions - (MTCO2eq)",7.25091728
"Baseline_NDC","EU-15","EU-15","emissGHGBySectorPowerGWPAR5","ghg","SF6","Year",1990,"Vint_1990","GHG emissions - (MTCO2eq)",5.931118
"Baseline_NDC","EU-15","EU-15","emissGHGBySectorBuildingsGWPAR5","ghg","CH4","Year",2005,"Vint_2005","GHG emissions - (MTCO2eq)",43.1197977857192
"Baseline_NDC","EU-15","EU-15","emissGHGBySectorPowerGWPAR5","ghg","CH4","Year",2005,"Vint_2005","GHG emissions - (MTCO2eq)",7.577108
"Baseline_NDC","EU-15","EU-15","emissGHGBySectorBuildingsGWPAR5","ghg","CO2","Year",2005,"Vint_2005","GHG emissions - (MTCO2eq)",1119.0108137244
"Baseline_NDC","EU-15","EU-15","emissGHGBySectorPowerGWPAR5","ghg","CO2","Year",2005,"Vint_2005","GHG emissions - (MTCO2eq)",2092.06387133333
"Baseline_NDC","EU-15","EU-15","emissGHGBySectorBuildingsGWPAR5","ghg","HFCs","Year",2005,"Vint_2005","GHG emissions - (MTCO2eq)",151.022042496
"Baseline_NDC","EU-15","EU-15","emissGHGBySectorBuildingsGWPAR5","ghg","N2O","Year",2005,"Vint_2005","GHG emissions - (MTCO2eq)",3.5473108237
"Baseline_NDC","EU-15","EU-15","emissGHGBySectorPowerGWPAR5","ghg","N2O","Year",2005,"Vint_2005","GHG emissions - (MTCO2eq)",12.37720554
"Baseline_NDC","EU-15","EU-15","emissGHGBySectorPowerGWPAR5","ghg","SF6","Year",2005,"Vint_2005","GHG emissions - (MTCO2eq)",4.868166
"Baseline_NDC","EU-15","EU-15","emissGHGBySectorBuildingsGWPAR5","ghg","CH4","Year",2010,"Vint_2010","GHG emissions - (MTCO2eq)",40.8792002200288
"Baseline_NDC","EU-15","EU-15","emissGHGBySectorPowerGWPAR5","ghg","CH4","Year",2010,"Vint_2010","GHG emissions - (MTCO2eq)",7.82596584
"Baseline_NDC","EU-15","EU-15","emissGHGBySectorBuildingsGWPAR5","ghg","CO2","Year",2010,"Vint_2010","GHG emissions - (MTCO2eq)",1060.1353740497
"Baseline_NDC","EU-15","EU-15","emissGHGBySectorPowerGWPAR5","ghg","CO2","Year",2010,"Vint_2010","GHG emissions - (MTCO2eq)",1901.94590666667
"Baseline_NDC","EU-15","EU-15","emissGHGBySectorBuildingsGWPAR5","ghg","HFCs","Year",2010,"Vint_2010","GHG emissions - (MTCO2eq)",198.3798072
"Baseline_NDC","EU-15","EU-15","emissGHGBySectorBuildingsGWPAR5","ghg","N2O","Year",2010,"Vint_2010","GHG emissions - (MTCO2eq)",4.0215307617
"Baseline_NDC","EU-15","EU-15","emissGHGBySectorPowerGWPAR5","ghg","N2O","Year",2010,"Vint_2010","GHG emissions - (MTCO2eq)",13.56134797
"Baseline_NDC","EU-15","EU-15","emissGHGBySectorPowerGWPAR5","ghg","SF6","Year",2010,"Vint_2010","GHG emissions - (MTCO2eq)",4.0240037
"Baseline_NDC","EU-15","EU-15","emissGHGBySectorBuildingsGWPAR5","ghg","CH4","Year",2015,"Vint_2015","GHG emissions - (MTCO2eq)",31.0695297410568
"Baseline_NDC","EU-15","EU-15","emissGHGBySectorPowerGWPAR5","ghg","CH4","Year",2015,"Vint_2015","GHG emissions - (MTCO2eq)",5.24041504
"Baseline_NDC","EU-15","EU-15","emissGHGBySectorBuildingsGWPAR5","ghg","CO2","Year",2015,"Vint_2015","GHG emissions - (MTCO2eq)",861.952610489175
"Baseline_NDC","EU-15","EU-15","emissGHGBySectorPowerGWPAR5","ghg","CO2","Year",2015,"Vint_2015","GHG emissions - (MTCO2eq)",1685.18397666667
"Baseline_NDC","EU-15","EU-15","emissGHGBySectorBuildingsGWPAR5","ghg","HFCs","Year",2015,"Vint_2015","GHG emissions - (MTCO2eq)",191.92952277
"Baseline_NDC","EU-15","EU-15","emissGHGBySectorBuildingsGWPAR5","ghg","N2O","Year",2015,"Vint_2015","GHG emissions - (MTCO2eq)",3.7907184912
"Baseline_NDC","EU-15","EU-15","emissGHGBySectorPowerGWPAR5","ghg","N2O","Year",2015,"Vint_2015","GHG emissions - (MTCO2eq)",13.97643072
"Baseline_NDC","EU-15","EU-15","emissGHGBySectorPowerGWPAR5","ghg","SF6","Year",2015,"Vint_2015","GHG emissions - (MTCO2eq)",3.41878
"Baseline_NDC","EU-15","EU-15","emissGHGBySectorBuildingsGWPAR5","ghg","CH4","Year",2020,"Vint_2020","GHG emissions - (MTCO2eq)",30.984379558412
"Baseline_NDC","EU-15","EU-15","emissGHGBySectorPowerGWPAR5","ghg","CH4","Year",2020,"Vint_2020","GHG emissions - (MTCO2eq)",3.3396199144
"Baseline_NDC","EU-15","EU-15","emissGHGBySectorBuildingsGWPAR5","ghg","CO2","Year",2020,"Vint_2020","GHG emissions - (MTCO2eq)",861.261462098764
"Baseline_NDC","EU-15","EU-15","emissGHGBySectorPowerGWPAR5","ghg","CO2","Year",2020,"Vint_2020","GHG emissions - (MTCO2eq)",1705.72226366667
"Baseline_NDC","EU-15","EU-15","emissGHGBySectorBuildingsGWPAR5","ghg","HFCs","Year",2020,"Vint_2020","GHG emissions - (MTCO2eq)",193.1154052869
"Baseline_NDC","EU-15","EU-15","emissGHGBySectorBuildingsGWPAR5","ghg","N2O","Year",2020,"Vint_2020","GHG emissions - (MTCO2eq)",3.5071983567
"Baseline_NDC","EU-15","EU-15","emissGHGBySectorPowerGWPAR5","ghg","N2O","Year",2020,"Vint_2020","GHG emissions - (MTCO2eq)",12.7944977646
"Baseline_NDC","EU-15","EU-15","emissGHGBySectorPowerGWPAR5","ghg","SF6","Year",2020,"Vint_2020","GHG emissions - (MTCO2eq)",3.4704988
"Baseline_NDC","EU-15","EU-15","emissGHGBySectorBuildingsGWPAR5","ghg","CH4","Year",2025,"Vint_2025","GHG emissions - (MTCO2eq)",32.6284721052472
"Baseline_NDC","EU-15","EU-15","emissGHGBySectorPowerGWPAR5","ghg","CH4","Year",2025,"Vint_2025","GHG emissions - (MTCO2eq)",1.77734099536
"Baseline_NDC","EU-15","EU-15","emissGHGBySectorBuildingsGWPAR5","ghg","CO2","Year",2025,"Vint_2025","GHG emissions - (MTCO2eq)",409.721958138113
"Baseline_NDC","EU-15","EU-15","emissGHGBySectorPowerGWPAR5","ghg","CO2","Year",2025,"Vint_2025","GHG emissions - (MTCO2eq)",681.356261505333
"Baseline_NDC","EU-15","EU-15","emissGHGBySectorBuildingsGWPAR5","ghg","HFCs","Year",2025,"Vint_2025","GHG emissions - (MTCO2eq)",133.8606291681
"Baseline_NDC","EU-15","EU-15","emissGHGBySectorBuildingsGWPAR5","ghg","N2O","Year",2025,"Vint_2025","GHG emissions - (MTCO2eq)",6.261074350324
"Baseline_NDC","EU-15","EU-15","emissGHGBySectorPowerGWPAR5","ghg","N2O","Year",2025,"Vint_2025","GHG emissions - (MTCO2eq)",4.63017156863
"Baseline_NDC","EU-15","EU-15","emissGHGBySectorPowerGWPAR5","ghg","SF6","Year",2025,"Vint_2025","GHG emissions - (MTCO2eq)",2.5614671
"Baseline_NDC","EU-15","EU-15","emissGHGBySectorBuildingsGWPAR5","ghg","CH4","Year",2030,"Vint_2030","GHG emissions - (MTCO2eq)",33.6870749496624
"Baseline_NDC","EU-15","EU-15","emissGHGBySectorPowerGWPAR5","ghg","CH4","Year",2030,"Vint_2030","GHG emissions - (MTCO2eq)",2.00447599072
"Baseline_NDC","EU-15","EU-15","emissGHGBySectorBuildingsGWPAR5","ghg","CO2","Year",2030,"Vint_2030","GHG emissions - (MTCO2eq)",444.233267994342
"Baseline_NDC","EU-15","EU-15","emissGHGBySectorPowerGWPAR5","ghg","CO2","Year",2030,"Vint_2030","GHG emissions - (MTCO2eq)",877.729936086667
"Baseline_NDC","EU-15","EU-15","emissGHGBySectorBuildingsGWPAR5","ghg","HFCs","Year",2030,"Vint_2030","GHG emissions - (MTCO2eq)",132.6583052739
"Baseline_NDC","EU-15","EU-15","emissGHGBySectorBuildingsGWPAR5","ghg","N2O","Year",2030,"Vint_2030","GHG emissions - (MTCO2eq)",6.24267187752
"Baseline_NDC","EU-15","EU-15","emissGHGBySectorPowerGWPAR5","ghg","N2O","Year",2030,"Vint_2030","GHG emissions - (MTCO2eq)",5.98339584572
"Baseline_NDC","EU-15","EU-15","emissGHGBySectorPowerGWPAR5","ghg","SF6","Year",2030,"Vint_2030","GHG emissions - (MTCO2eq)",2.9632654
"NoRusGas_ModelOptimal","EU-12","EU-12","emissGHGBySectorBuildingsGWPAR5","ghg","CH4","Year",1990,"Vint_1990","GHG emissions - (MTCO2eq)",8.657364198
"NoRusGas_ModelOptimal","EU-12","EU-12","emissGHGBySectorPowerGWPAR5","ghg","CH4","Year",1990,"Vint_1990","GHG emissions - (MTCO2eq)",1.4052636248
"NoRusGas_ModelOptimal","EU-12","EU-12","emissGHGBySectorBuildingsGWPAR5","ghg","CO2","Year",1990,"Vint_1990","GHG emissions - (MTCO2eq)",131.508139655449
"NoRusGas_ModelOptimal","EU-12","EU-12","emissGHGBySectorPowerGWPAR5","ghg","CO2","Year",1990,"Vint_1990","GHG emissions - (MTCO2eq)",358.497947107667
"NoRusGas_ModelOptimal","EU-12","EU-12","emissGHGBySectorBuildingsGWPAR5","ghg","HFCs","Year",1990,"Vint_1990","GHG emissions - (MTCO2eq)",0.0003896084475
"NoRusGas_ModelOptimal","EU-12","EU-12","emissGHGBySectorBuildingsGWPAR5","ghg","N2O","Year",1990,"Vint_1990","GHG emissions - (MTCO2eq)",0.7870550721
"NoRusGas_ModelOptimal","EU-12","EU-12","emissGHGBySectorPowerGWPAR5","ghg","N2O","Year",1990,"Vint_1990","GHG emissions - (MTCO2eq)",1.3069820723
"NoRusGas_ModelOptimal","EU-12","EU-12","emissGHGBySectorPowerGWPAR5","ghg","SF6","Year",1990,"Vint_1990","GHG emissions - (MTCO2eq)",0.125633585
"NoRusGas_ModelOptimal","EU-12","EU-12","emissGHGBySectorBuildingsGWPAR5","ghg","CH4","Year",2005,"Vint_2005","GHG emissions - (MTCO2eq)",10.3138561708
"NoRusGas_ModelOptimal","EU-12","EU-12","emissGHGBySectorPowerGWPAR5","ghg","CH4","Year",2005,"Vint_2005","GHG emissions - (MTCO2eq)",1.099648172
"NoRusGas_ModelOptimal","EU-12","EU-12","emissGHGBySectorBuildingsGWPAR5","ghg","CO2","Year",2005,"Vint_2005","GHG emissions - (MTCO2eq)",92.0890806402369
"NoRusGas_ModelOptimal","EU-12","EU-12","emissGHGBySectorPowerGWPAR5","ghg","CO2","Year",2005,"Vint_2005","GHG emissions - (MTCO2eq)",313.465829233333
"NoRusGas_ModelOptimal","EU-12","EU-12","emissGHGBySectorBuildingsGWPAR5","ghg","HFCs","Year",2005,"Vint_2005","GHG emissions - (MTCO2eq)",8.1084477015
"NoRusGas_ModelOptimal","EU-12","EU-12","emissGHGBySectorBuildingsGWPAR5","ghg","N2O","Year",2005,"Vint_2005","GHG emissions - (MTCO2eq)",0.63268669705
"NoRusGas_ModelOptimal","EU-12","EU-12","emissGHGBySectorPowerGWPAR5","ghg","N2O","Year",2005,"Vint_2005","GHG emissions - (MTCO2eq)",1.914980895
"NoRusGas_ModelOptimal","EU-12","EU-12","emissGHGBySectorPowerGWPAR5","ghg","SF6","Year",2005,"Vint_2005","GHG emissions - (MTCO2eq)",0.229383735
"NoRusGas_ModelOptimal","EU-12","EU-12","emissGHGBySectorBuildingsGWPAR5","ghg","CH4","Year",2010,"Vint_2010","GHG emissions - (MTCO2eq)",10.9943651944
"NoRusGas_ModelOptimal","EU-12","EU-12","emissGHGBySectorPowerGWPAR5","ghg","CH4","Year",2010,"Vint_2010","GHG emissions - (MTCO2eq)",1.12778988
"NoRusGas_ModelOptimal","EU-12","EU-12","emissGHGBySectorBuildingsGWPAR5","ghg","CO2","Year",2010,"Vint_2010","GHG emissions - (MTCO2eq)",97.806939736148
"NoRusGas_ModelOptimal","EU-12","EU-12","emissGHGBySectorPowerGWPAR5","ghg","CO2","Year",2010,"Vint_2010","GHG emissions - (MTCO2eq)",315.451973561267
"NoRusGas_ModelOptimal","EU-12","EU-12","emissGHGBySectorBuildingsGWPAR5","ghg","HFCs","Year",2010,"Vint_2010","GHG emissions - (MTCO2eq)",14.262526989675
"NoRusGas_ModelOptimal","EU-12","EU-12","emissGHGBySectorBuildingsGWPAR5","ghg","N2O","Year",2010,"Vint_2010","GHG emissions - (MTCO2eq)",0.7555557146
"NoRusGas_ModelOptimal","EU-12","EU-12","emissGHGBySectorPowerGWPAR5","ghg","N2O","Year",2010,"Vint_2010","GHG emissions - (MTCO2eq)",2.30523288
"NoRusGas_ModelOptimal","EU-12","EU-12","emissGHGBySectorPowerGWPAR5","ghg","SF6","Year",2010,"Vint_2010","GHG emissions - (MTCO2eq)",0.3263163
"NoRusGas_ModelOptimal","EU-12","EU-12","emissGHGBySectorBuildingsGWPAR5","ghg","CH4","Year",2015,"Vint_2015","GHG emissions - (MTCO2eq)",9.4087523012
"NoRusGas_ModelOptimal","EU-12","EU-12","emissGHGBySectorPowerGWPAR5","ghg","CH4","Year",2015,"Vint_2015","GHG emissions - (MTCO2eq)",0.98539784
"NoRusGas_ModelOptimal","EU-12","EU-12","emissGHGBySectorBuildingsGWPAR5","ghg","CO2","Year",2015,"Vint_2015","GHG emissions - (MTCO2eq)",78.1285477016481
"NoRusGas_ModelOptimal","EU-12","EU-12","emissGHGBySectorPowerGWPAR5","ghg","CO2","Year",2015,"Vint_2015","GHG emissions - (MTCO2eq)",284.888314445167
"NoRusGas_ModelOptimal","EU-12","EU-12","emissGHGBySectorBuildingsGWPAR5","ghg","HFCs","Year",2015,"Vint_2015","GHG emissions - (MTCO2eq)",19.27632644775
"NoRusGas_ModelOptimal","EU-12","EU-12","emissGHGBySectorBuildingsGWPAR5","ghg","N2O","Year",2015,"Vint_2015","GHG emissions - (MTCO2eq)",0.69670072245
"NoRusGas_ModelOptimal","EU-12","EU-12","emissGHGBySectorPowerGWPAR5","ghg","N2O","Year",2015,"Vint_2015","GHG emissions - (MTCO2eq)",2.709250025
"NoRusGas_ModelOptimal","EU-12","EU-12","emissGHGBySectorPowerGWPAR5","ghg","SF6","Year",2015,"Vint_2015","GHG emissions - (MTCO2eq)",0.36637675
"NoRusGas_ModelOptimal","EU-12","EU-12","emissGHGBySectorBuildingsGWPAR5","ghg","CH4","Year",2020,"Vint_2020","GHG emissions - (MTCO2eq)",10.1939979624
"NoRusGas_ModelOptimal","EU-12","EU-12","emissGHGBySectorPowerGWPAR5","ghg","CH4","Year",2020,"Vint_2020","GHG emissions - (MTCO2eq)",1.03285733824
"NoRusGas_ModelOptimal","EU-12","EU-12","emissGHGBySectorBuildingsGWPAR5","ghg","CO2","Year",2020,"Vint_2020","GHG emissions - (MTCO2eq)",83.618470405877
"NoRusGas_ModelOptimal","EU-12","EU-12","emissGHGBySectorPowerGWPAR5","ghg","CO2","Year",2020,"Vint_2020","GHG emissions - (MTCO2eq)",324.517152960733
"NoRusGas_ModelOptimal","EU-12","EU-12","emissGHGBySectorBuildingsGWPAR5","ghg","HFCs","Year",2020,"Vint_2020","GHG emissions - (MTCO2eq)",21.51566773155
"NoRusGas_ModelOptimal","EU-12","EU-12","emissGHGBySectorBuildingsGWPAR5","ghg","N2O","Year",2020,"Vint_2020","GHG emissions - (MTCO2eq)",0.65221476435
"NoRusGas_ModelOptimal","EU-12","EU-12","emissGHGBySectorPowerGWPAR5","ghg","N2O","Year",2020,"Vint_2020","GHG emissions - (MTCO2eq)",3.1960215343
"NoRusGas_ModelOptimal","EU-12","EU-12","emissGHGBySectorPowerGWPAR5","ghg","SF6","Year",2020,"Vint_2020","GHG emissions - (MTCO2eq)",0.41298665
"NoRusGas_ModelOptimal","EU-12","EU-12","emissGHGBySectorBuildingsGWPAR5","ghg","CH4","Year",2025,"Vint_2025","GHG emissions - (MTCO2eq)",9.665567623068
"NoRusGas_ModelOptimal","EU-12","EU-12","emissGHGBySectorPowerGWPAR5","ghg","CH4","Year",2025,"Vint_2025","GHG emissions - (MTCO2eq)",0.27477883622
"NoRusGas_ModelOptimal","EU-12","EU-12","emissGHGBySectorBuildingsGWPAR5","ghg","CO2","Year",2025,"Vint_2025","GHG emissions - (MTCO2eq)",29.6585047312369
"NoRusGas_ModelOptimal","EU-12","EU-12","emissGHGBySectorPowerGWPAR5","ghg","CO2","Year",2025,"Vint_2025","GHG emissions - (MTCO2eq)",95.30578291234
"NoRusGas_ModelOptimal","EU-12","EU-12","emissGHGBySectorBuildingsGWPAR5","ghg","HFCs","Year",2025,"Vint_2025","GHG emissions - (MTCO2eq)",15.33176889363
"NoRusGas_ModelOptimal","EU-12","EU-12","emissGHGBySectorBuildingsGWPAR5","ghg","N2O","Year",2025,"Vint_2025","GHG emissions - (MTCO2eq)",0.966038491285
"NoRusGas_ModelOptimal","EU-12","EU-12","emissGHGBySectorPowerGWPAR5","ghg","N2O","Year",2025,"Vint_2025","GHG emissions - (MTCO2eq)",0.83424834652
"NoRusGas_ModelOptimal","EU-12","EU-12","emissGHGBySectorPowerGWPAR5","ghg","SF6","Year",2025,"Vint_2025","GHG emissions - (MTCO2eq)",0.30598175
"NoRusGas_ModelOptimal","EU-12","EU-12","emissGHGBySectorBuildingsGWPAR5","ghg","CH4","Year",2030,"Vint_2030","GHG emissions - (MTCO2eq)",10.252867527
"NoRusGas_ModelOptimal","EU-12","EU-12","emissGHGBySectorPowerGWPAR5","ghg","CH4","Year",2030,"Vint_2030","GHG emissions - (MTCO2eq)",0.360453891952
"NoRusGas_ModelOptimal","EU-12","EU-12","emissGHGBySectorBuildingsGWPAR5","ghg","CO2","Year",2030,"Vint_2030","GHG emissions - (MTCO2eq)",34.5858650632489
"NoRusGas_ModelOptimal","EU-12","EU-12","emissGHGBySectorPowerGWPAR5","ghg","CO2","Year",2030,"Vint_2030","GHG emissions - (MTCO2eq)",130.261074828793
"NoRusGas_ModelOptimal","EU-12","EU-12","emissGHGBySectorBuildingsGWPAR5","ghg","HFCs","Year",2030,"Vint_2030","GHG emissions - (MTCO2eq)",15.913404373995
"NoRusGas_ModelOptimal","EU-12","EU-12","emissGHGBySectorBuildingsGWPAR5","ghg","N2O","Year",2030,"Vint_2030","GHG emissions - (MTCO2eq)",0.96417609275
"NoRusGas_ModelOptimal","EU-12","EU-12","emissGHGBySectorPowerGWPAR5","ghg","N2O","Year",2030,"Vint_2030","GHG emissions - (MTCO2eq)",1.16396851689
"NoRusGas_ModelOptimal","EU-12","EU-12","emissGHGBySectorPowerGWPAR5","ghg","SF6","Year",2030,"Vint_2030","GHG emissions - (MTCO2eq)",0.37412
"NoRusGas_ModelOptimal","EU-15","EU-15","emissGHGBySectorBuildingsGWPAR5","ghg","CH4","Year",1990,"Vint_1990","GHG emissions - (MTCO2eq)",19.3754252810272
"NoRusGas_ModelOptimal","EU-15","EU-15","emissGHGBySectorPowerGWPAR5","ghg","CH4","Year",1990,"Vint_1990","GHG emissions - (MTCO2eq)",1.36464972
"NoRusGas_ModelOptimal","EU-15","EU-15","emissGHGBySectorBuildingsGWPAR5","ghg","CO2","Year",1990,"Vint_1990","GHG emissions - (MTCO2eq)",574.833342236728
"NoRusGas_ModelOptimal","EU-15","EU-15","emissGHGBySectorPowerGWPAR5","ghg","CO2","Year",1990,"Vint_1990","GHG emissions - (MTCO2eq)",987.599625466667
"NoRusGas_ModelOptimal","EU-15","EU-15","emissGHGBySectorBuildingsGWPAR5","ghg","HFCs","Year",1990,"Vint_1990","GHG emissions - (MTCO2eq)",0.0156041748
"NoRusGas_ModelOptimal","EU-15","EU-15","emissGHGBySectorBuildingsGWPAR5","ghg","N2O","Year",1990,"Vint_1990","GHG emissions - (MTCO2eq)",1.87313542605
"NoRusGas_ModelOptimal","EU-15","EU-15","emissGHGBySectorPowerGWPAR5","ghg","N2O","Year",1990,"Vint_1990","GHG emissions - (MTCO2eq)",3.62545864
"NoRusGas_ModelOptimal","EU-15","EU-15","emissGHGBySectorPowerGWPAR5","ghg","SF6","Year",1990,"Vint_1990","GHG emissions - (MTCO2eq)",2.965559
"NoRusGas_ModelOptimal","EU-15","EU-15","emissGHGBySectorBuildingsGWPAR5","ghg","CH4","Year",2005,"Vint_2005","GHG emissions - (MTCO2eq)",21.5598988928596
"NoRusGas_ModelOptimal","EU-15","EU-15","emissGHGBySectorPowerGWPAR5","ghg","CH4","Year",2005,"Vint_2005","GHG emissions - (MTCO2eq)",3.788554
"NoRusGas_ModelOptimal","EU-15","EU-15","emissGHGBySectorBuildingsGWPAR5","ghg","CO2","Year",2005,"Vint_2005","GHG emissions - (MTCO2eq)",559.505406862201
"NoRusGas_ModelOptimal","EU-15","EU-15","emissGHGBySectorPowerGWPAR5","ghg","CO2","Year",2005,"Vint_2005","GHG emissions - (MTCO2eq)",1046.03193566667
"NoRusGas_ModelOptimal","EU-15","EU-15","emissGHGBySectorBuildingsGWPAR5","ghg","HFCs","Year",2005,"Vint_2005","GHG emissions - (MTCO2eq)",75.511021248
"NoRusGas_ModelOptimal","EU-15","EU-15","emissGHGBySectorBuildingsGWPAR5","ghg","N2O","Year",2005,"Vint_2005","GHG emissions - (MTCO2eq)",1.77365541185
"NoRusGas_ModelOptimal","EU-15","EU-15","emissGHGBySectorPowerGWPAR5","ghg","N2O","Year",2005,"Vint_2005","GHG emissions - (MTCO2eq)",6.18860277
"NoRusGas_ModelOptimal","EU-15","EU-15","emissGHGBySectorPowerGWPAR5","ghg","SF6","Year",2005,"Vint_2005","GHG emissions - (MTCO2eq)",2.434083
"NoRusGas_ModelOptimal","EU-15","EU-15","emissGHGBySectorBuildingsGWPAR5","ghg","CH4","Year",2010,"Vint_2010","GHG emissions - (MTCO2eq)",20.4396001100144
"NoRusGas_ModelOptimal","EU-15","EU-15","emissGHGBySectorPowerGWPAR5","ghg","CH4","Year",2010,"Vint_2010","GHG emissions - (MTCO2eq)",3.91298292
"NoRusGas_ModelOptimal","EU-15","EU-15","emissGHGBySectorBuildingsGWPAR5","ghg","CO2","Year",2010,"Vint_2010","GHG emissions - (MTCO2eq)",530.06768702485
"NoRusGas_ModelOptimal","EU-15","EU-15","emissGHGBySectorPowerGWPAR5","ghg","CO2","Year",2010,"Vint_2010","GHG emissions - (MTCO2eq)",950.972953333333
"NoRusGas_ModelOptimal","EU-15","EU-15","emissGHGBySectorBuildingsGWPAR5","ghg","HFCs","Year",2010,"Vint_2010","GHG emissions - (MTCO2eq)",99.1899036
"NoRusGas_ModelOptimal","EU-15","EU-15","emissGHGBySectorBuildingsGWPAR5","ghg","N2O","Year",2010,"Vint_2010","GHG emissions - (MTCO2eq)",2.01076538085
"NoRusGas_ModelOptimal","EU-15","EU-15","emissGHGBySectorPowerGWPAR5","ghg","N2O","Year",2010,"Vint_2010","GHG emissions - (MTCO2eq)",6.780673985
"NoRusGas_ModelOptimal","EU-15","EU-15","emissGHGBySectorPowerGWPAR5","ghg","SF6","Year",2010,"Vint_2010","GHG emissions - (MTCO2eq)",2.01200185
"NoRusGas_ModelOptimal","EU-15","EU-15","emissGHGBySectorBuildingsGWPAR5","ghg","CH4","Year",2015,"Vint_2015","GHG emissions - (MTCO2eq)",15.5347648705284
"NoRusGas_ModelOptimal","EU-15","EU-15","emissGHGBySectorPowerGWPAR5","ghg","CH4","Year",2015,"Vint_2015","GHG emissions - (MTCO2eq)",2.62020752
"NoRusGas_ModelOptimal","EU-15","EU-15","emissGHGBySectorBuildingsGWPAR5","ghg","CO2","Year",2015,"Vint_2015","GHG emissions - (MTCO2eq)",430.976305244587
"NoRusGas_ModelOptimal","EU-15","EU-15","emissGHGBySectorPowerGWPAR5","ghg","CO2","Year",2015,"Vint_2015","GHG emissions - (MTCO2eq)",842.591988333333
"NoRusGas_ModelOptimal","EU-15","EU-15","emissGHGBySectorBuildingsGWPAR5","ghg","HFCs","Year",2015,"Vint_2015","GHG emissions - (MTCO2eq)",95.964761385
"NoRusGas_ModelOptimal","EU-15","EU-15","emissGHGBySectorBuildingsGWPAR5","ghg","N2O","Year",2015,"Vint_2015","GHG emissions - (MTCO2eq)",1.8953592456
"NoRusGas_ModelOptimal","EU-15","EU-15","emissGHGBySectorPowerGWPAR5","ghg","N2O","Year",2015,"Vint_2015","GHG emissions - (MTCO2eq)",6.98821536
"NoRusGas_ModelOptimal","EU-15","EU-15","emissGHGBySectorPowerGWPAR5","ghg","SF6","Year",2015,"Vint_2015","GHG emissions - (MTCO2eq)",1.70939
"NoRusGas_ModelOptimal","EU-15","EU-15","emissGHGBySectorBuildingsGWPAR5","ghg","CH4","Year",2020,"Vint_2020","GHG emissions - (MTCO2eq)",15.492189779206
"NoRusGas_ModelOptimal","EU-15","EU-15","emissGHGBySectorPowerGWPAR5","ghg","CH4","Year",2020,"Vint_2020","GHG emissions - (MTCO2eq)",1.6698099572
"NoRusGas_ModelOptimal","EU-15","EU-15","emissGHGBySectorBuildingsGWPAR5","ghg","CO2","Year",2020,"Vint_2020","GHG emissions - (MTCO2eq)",430.630731049382
"NoRusGas_ModelOptimal","EU-15","EU-15","emissGHGBySectorPowerGWPAR5","ghg","CO2","Year",2020,"Vint_2020","GHG emissions - (MTCO2eq)",852.861131833333
"NoRusGas_ModelOptimal","EU-15","EU-15","emissGHGBySectorBuildingsGWPAR5","ghg","HFCs","Year",2020,"Vint_2020","GHG emissions - (MTCO2eq)",96.55770264345
"NoRusGas_ModelOptimal","EU-15","EU-15","emissGHGBySectorBuildingsGWPAR5","ghg","N2O","Year",2020,"Vint_2020","GHG emissions - (MTCO2eq)",1.75359917835
"NoRusGas_ModelOptimal","EU-15","EU-15","emissGHGBySectorPowerGWPAR5","ghg","N2O","Year",2020,"Vint_2020","GHG emissions - (MTCO2eq)",6.3972488823
"NoRusGas_ModelOptimal","EU-15","EU-15","emissGHGBySectorPowerGWPAR5","ghg","SF6","Year",2020,"Vint_2020","GHG emissions - (MTCO2eq)",1.7352494
"NoRusGas_ModelOptimal","EU-15","EU-15","emissGHGBySectorBuildingsGWPAR5","ghg","CH4","Year",2025,"Vint_2025","GHG emissions - (MTCO2eq)",16.3142360526236
"NoRusGas_ModelOptimal","EU-15","EU-15","emissGHGBySectorPowerGWPAR5","ghg","CH4","Year",2025,"Vint_2025","GHG emissions - (MTCO2eq)",0.88867049768
"NoRusGas_ModelOptimal","EU-15","EU-15","emissGHGBySectorBuildingsGWPAR5","ghg","CO2","Year",2025,"Vint_2025","GHG emissions - (MTCO2eq)",204.860979069057
"NoRusGas_ModelOptimal","EU-15","EU-15","emissGHGBySectorPowerGWPAR5","ghg","CO2","Year",2025,"Vint_2025","GHG emissions - (MTCO2eq)",340.678130752667
"NoRusGas_ModelOptimal","EU-15","EU-15","emissGHGBySectorBuildingsGWPAR5","ghg","HFCs","Year",2025,"Vint_2025","GHG emissions - (MTCO2eq)",66.93031458405
"NoRusGas_ModelOptimal","EU-15","EU-15","emissGHGBySectorBuildingsGWPAR5","ghg","N2O","Year",2025,"Vint_2025","GHG emissions - (MTCO2eq)",3.130537175162
"NoRusGas_ModelOptimal","EU-15","EU-15","emissGHGBySectorPowerGWPAR5","ghg","N2O","Year",2025,"Vint_2025","GHG emissions - (MTCO2eq)",2.315085784315
"NoRusGas_ModelOptimal","EU-15","EU-15","emissGHGBySectorPowerGWPAR5","ghg","SF6","Year",2025,"Vint_2025","GHG emissions - (MTCO2eq)",1.28073355
"NoRusGas_ModelOptimal","EU-15","EU-15","emissGHGBySectorBuildingsGWPAR5","ghg","CH4","Year",2030,"Vint_2030","GHG emissions - (MTCO2eq)",16.8435374748312
"NoRusGas_ModelOptimal","EU-15","EU-15","emissGHGBySectorPowerGWPAR5","ghg","CH4","Year",2030,"Vint_2030","GHG emissions - (MTCO2eq)",1.00223799536
"NoRusGas_ModelOptimal","EU-15","EU-15","emissGHGBySectorBuildingsGWPAR5","ghg","CO2","Year",2030,"Vint_2030","GHG emissions - (MTCO2eq)",222.116633997171
"NoRusGas_ModelOptimal","EU-15","EU-15","emissGHGBySectorPowerGWPAR5","ghg","CO2","Year",2030,"Vint_2030","GHG emissions - (MTCO2eq)",438.864968043333
"NoRusGas_ModelOptimal","EU-15","EU-15","emissGHGBySectorBuildingsGWPAR5","ghg","HFCs","Year",2030,"Vint_2030","GHG emissions - (MTCO2eq)",66.32915263695
"NoRusGas_ModelOptimal","EU-15","EU-15","emissGHGBySectorBuildingsGWPAR5","ghg","N2O","Year",2030,"Vint_2030","GHG emissions - (MTCO2eq)",3.12133593876
"NoRusGas_ModelOptimal","EU-15","EU-15","emissGHGBySectorPowerGWPAR5","ghg","N2O","Year",2030,"Vint_2030","GHG emissions - (MTCO2eq)",2.99169792286
"NoRusGas_ModelOptimal","EU-15","EU-15","emissGHGBySectorPowerGWPAR5","ghg","SF6","Year",2030,"Vint_2030","GHG emissions - (MTCO2eq)",1.4816327
"NoRusGas_ModelOptimal2","EU-12","EU-12","emissGHGBySectorBuildingsGWPAR5","ghg","CH4","Year",1990,"Vint_1990","GHG emissions - (MTCO2eq)",8.657364198
"NoRusGas_ModelOptimal2","EU-12","EU-12","emissGHGBySectorPowerGWPAR5","ghg","CH4","Year",1990,"Vint_1990","GHG emissions - (MTCO2eq)",1.4052636248
"NoRusGas_ModelOptimal2","EU-12","EU-12","emissGHGBySectorBuildingsGWPAR5","ghg","CO2","Year",1990,"Vint_1990","GHG emissions - (MTCO2eq)",131.508139655449
"NoRusGas_ModelOptimal2","EU-12","EU-12","emissGHGBySectorPowerGWPAR5","ghg","CO2","Year",1990,"Vint_1990","GHG emissions - (MTCO2eq)",358.497947107667
"NoRusGas_ModelOptimal2","EU-12","EU-12","emissGHGBySectorBuildingsGWPAR5","ghg","HFCs","Year",1990,"Vint_1990","GHG emissions - (MTCO2eq)",0.0003896084475
"NoRusGas_ModelOptimal2","EU-12","EU-12","emissGHGBySectorBuildingsGWPAR5","ghg","N2O","Year",1990,"Vint_1990","GHG emissions - (MTCO2eq)",0.7870550721
"NoRusGas_ModelOptimal2","EU-12","EU-12","emissGHGBySectorPowerGWPAR5","ghg","N2O","Year",1990,"Vint_1990","GHG emissions - (MTCO2eq)",1.3069820723
"NoRusGas_ModelOptimal2","EU-12","EU-12","emissGHGBySectorPowerGWPAR5","ghg","SF6","Year",1990,"Vint_1990","GHG emissions - (MTCO2eq)",0.125633585
"NoRusGas_ModelOptimal2","EU-12","EU-12","emissGHGBySectorBuildingsGWPAR5","ghg","CH4","Year",2005,"Vint_2005","GHG emissions - (MTCO2eq)",10.3138561708
"NoRusGas_ModelOptimal2","EU-12","EU-12","emissGHGBySectorPowerGWPAR5","ghg","CH4","Year",2005,"Vint_2005","GHG emissions - (MTCO2eq)",1.099648172
"NoRusGas_ModelOptimal2","EU-12","EU-12","emissGHGBySectorBuildingsGWPAR5","ghg","CO2","Year",2005,"Vint_2005","GHG emissions - (MTCO2eq)",92.0890806402369
"NoRusGas_ModelOptimal2","EU-12","EU-12","emissGHGBySectorPowerGWPAR5","ghg","CO2","Year",2005,"Vint_2005","GHG emissions - (MTCO2eq)",313.465829233333
"NoRusGas_ModelOptimal2","EU-12","EU-12","emissGHGBySectorBuildingsGWPAR5","ghg","HFCs","Year",2005,"Vint_2005","GHG emissions - (MTCO2eq)",8.1084477015
"NoRusGas_ModelOptimal2","EU-12","EU-12","emissGHGBySectorBuildingsGWPAR5","ghg","N2O","Year",2005,"Vint_2005","GHG emissions - (MTCO2eq)",0.63268669705
"NoRusGas_ModelOptimal2","EU-12","EU-12","emissGHGBySectorPowerGWPAR5","ghg","N2O","Year",2005,"Vint_2005","GHG emissions - (MTCO2eq)",1.914980895
"NoRusGas_ModelOptimal2","EU-12","EU-12","emissGHGBySectorPowerGWPAR5","ghg","SF6","Year",2005,"Vint_2005","GHG emissions - (MTCO2eq)",0.229383735
"NoRusGas_ModelOptimal2","EU-12","EU-12","emissGHGBySectorBuildingsGWPAR5","ghg","CH4","Year",2010,"Vint_2010","GHG emissions - (MTCO2eq)",10.9943651944
"NoRusGas_ModelOptimal2","EU-12","EU-12","emissGHGBySectorPowerGWPAR5","ghg","CH4","Year",2010,"Vint_2010","GHG emissions - (MTCO2eq)",1.12778988
"NoRusGas_ModelOptimal2","EU-12","EU-12","emissGHGBySectorBuildingsGWPAR5","ghg","CO2","Year",2010,"Vint_2010","GHG emissions - (MTCO2eq)",97.806939736148
"NoRusGas_ModelOptimal2","EU-12","EU-12","emissGHGBySectorPowerGWPAR5","ghg","CO2","Year",2010,"Vint_2010","GHG emissions - (MTCO2eq)",315.451973561267
"NoRusGas_ModelOptimal2","EU-12","EU-12","emissGHGBySectorBuildingsGWPAR5","ghg","HFCs","Year",2010,"Vint_2010","GHG emissions - (MTCO2eq)",14.262526989675
"NoRusGas_ModelOptimal2","EU-12","EU-12","emissGHGBySectorBuildingsGWPAR5","ghg","N2O","Year",2010,"Vint_2010","GHG emissions - (MTCO2eq)",0.7555557146
"NoRusGas_ModelOptimal2","EU-12","EU-12","emissGHGBySectorPowerGWPAR5","ghg","N2O","Year",2010,"Vint_2010","GHG emissions - (MTCO2eq)",2.30523288
"NoRusGas_ModelOptimal2","EU-12","EU-12","emissGHGBySectorPowerGWPAR5","ghg","SF6","Year",2010,"Vint_2010","GHG emissions - (MTCO2eq)",0.3263163
"NoRusGas_ModelOptimal2","EU-12","EU-12","emissGHGBySectorBuildingsGWPAR5","ghg","CH4","Year",2015,"Vint_2015","GHG emissions - (MTCO2eq)",9.4087523012
"NoRusGas_ModelOptimal2","EU-12","EU-12","emissGHGBySectorPowerGWPAR5","ghg","CH4","Year",2015,"Vint_2015","GHG emissions - (MTCO2eq)",0.98539784
"NoRusGas_ModelOptimal2","EU-12","EU-12","emissGHGBySectorBuildingsGWPAR5","ghg","CO2","Year",2015,"Vint_2015","GHG emissions - (MTCO2eq)",78.1285477016481
"NoRusGas_ModelOptimal2","EU-12","EU-12","emissGHGBySectorPowerGWPAR5","ghg","CO2","Year",2015,"Vint_2015","GHG emissions - (MTCO2eq)",284.888314445167
"NoRusGas_ModelOptimal2","EU-12","EU-12","emissGHGBySectorBuildingsGWPAR5","ghg","HFCs","Year",2015,"Vint_2015","GHG emissions - (MTCO2eq)",19.27632644775
"NoRusGas_ModelOptimal2","EU-12","EU-12","emissGHGBySectorBuildingsGWPAR5","ghg","N2O","Year",2015,"Vint_2015","GHG emissions - (MTCO2eq)",0.69670072245
"NoRusGas_ModelOptimal2","EU-12","EU-12","emissGHGBySectorPowerGWPAR5","ghg","N2O","Year",2015,"Vint_2015","GHG emissions - (MTCO2eq)",2.709250025
"NoRusGas_ModelOptimal2","EU-12","EU-12","emissGHGBySectorPowerGWPAR5","ghg","SF6","Year",2015,"Vint_2015","GHG emissions - (MTCO2eq)",0.36637675
"NoRusGas_ModelOptimal2","EU-12","EU-12","emissGHGBySectorBuildingsGWPAR5","ghg","CH4","Year",2020,"Vint_2020","GHG emissions - (MTCO2eq)",10.1939979624
"NoRusGas_ModelOptimal2","EU-12","EU-12","emissGHGBySectorPowerGWPAR5","ghg","CH4","Year",2020,"Vint_2020","GHG emissions - (MTCO2eq)",1.03285733824
"NoRusGas_ModelOptimal2","EU-12","EU-12","emissGHGBySectorBuildingsGWPAR5","ghg","CO2","Year",2020,"Vint_2020","GHG emissions - (MTCO2eq)",83.618470405877
"NoRusGas_ModelOptimal2","EU-12","EU-12","emissGHGBySectorPowerGWPAR5","ghg","CO2","Year",2020,"Vint_2020","GHG emissions - (MTCO2eq)",324.517152960733
"NoRusGas_ModelOptimal2","EU-12","EU-12","emissGHGBySectorBuildingsGWPAR5","ghg","HFCs","Year",2020,"Vint_2020","GHG emissions - (MTCO2eq)",21.51566773155
"NoRusGas_ModelOptimal2","EU-12","EU-12","emissGHGBySectorBuildingsGWPAR5","ghg","N2O","Year",2020,"Vint_2020","GHG emissions - (MTCO2eq)",0.65221476435
"NoRusGas_ModelOptimal2","EU-12","EU-12","emissGHGBySectorPowerGWPAR5","ghg","N2O","Year",2020,"Vint_2020","GHG emissions - (MTCO2eq)",3.1960215343
"NoRusGas_ModelOptimal2","EU-12","EU-12","emissGHGBySectorPowerGWPAR5","ghg","SF6","Year",2020,"Vint_2020","GHG emissions - (MTCO2eq)",0.41298665
"NoRusGas_ModelOptimal2","EU-12","EU-12","emissGHGBySectorBuildingsGWPAR5","ghg","CH4","Year",2025,"Vint_2025","GHG emissions - (MTCO2eq)",9.665567623068
"NoRusGas_ModelOptimal2","EU-12","EU-12","emissGHGBySectorPowerGWPAR5","ghg","CH4","Year",2025,"Vint_2025","GHG emissions - (MTCO2eq)",0.27477883622
"NoRusGas_ModelOptimal2","EU-12","EU-12","emissGHGBySectorBuildingsGWPAR5","ghg","CO2","Year",2025,"Vint_2025","GHG emissions - (MTCO2eq)",29.6585047312369
"NoRusGas_ModelOptimal2","EU-12","EU-12","emissGHGBySectorPowerGWPAR5","ghg","CO2","Year",2025,"Vint_2025","GHG emissions - (MTCO2eq)",95.30578291234
"NoRusGas_ModelOptimal2","EU-12","EU-12","emissGHGBySectorBuildingsGWPAR5","ghg","HFCs","Year",2025,"Vint_2025","GHG emissions - (MTCO2eq)",15.33176889363
"NoRusGas_ModelOptimal2","EU-12","EU-12","emissGHGBySectorBuildingsGWPAR5","ghg","N2O","Year",2025,"Vint_2025","GHG emissions - (MTCO2eq)",0.966038491285
"NoRusGas_ModelOptimal2","EU-12","EU-12","emissGHGBySectorPowerGWPAR5","ghg","N2O","Year",2025,"Vint_2025","GHG emissions - (MTCO2eq)",0.83424834652
"NoRusGas_ModelOptimal2","EU-12","EU-12","emissGHGBySectorPowerGWPAR5","ghg","SF6","Year",2025,"Vint_2025","GHG emissions - (MTCO2eq)",0.30598175
"NoRusGas_ModelOptimal2","EU-12","EU-12","emissGHGBySectorBuildingsGWPAR5","ghg","CH4","Year",2030,"Vint_2030","GHG emissions - (MTCO2eq)",10.252867527
"NoRusGas_ModelOptimal2","EU-12","EU-12","emissGHGBySectorPowerGWPAR5","ghg","CH4","Year",2030,"Vint_2030","GHG emissions - (MTCO2eq)",0.360453891952
"NoRusGas_ModelOptimal2","EU-12","EU-12","emissGHGBySectorBuildingsGWPAR5","ghg","CO2","Year",2030,"Vint_2030","GHG emissions - (MTCO2eq)",34.5858650632489
"NoRusGas_ModelOptimal2","EU-12","EU-12","emissGHGBySectorPowerGWPAR5","ghg","CO2","Year",2030,"Vint_2030","GHG emissions - (MTCO2eq)",130.261074828793
"NoRusGas_ModelOptimal2","EU-12","EU-12","emissGHGBySectorBuildingsGWPAR5","ghg","HFCs","Year",2030,"Vint_2030","GHG emissions - (MTCO2eq)",15.913404373995
"NoRusGas_ModelOptimal2","EU-12","EU-12","emissGHGBySectorBuildingsGWPAR5","ghg","N2O","Year",2030,"Vint_2030","GHG emissions - (MTCO2eq)",0.96417609275
"NoRusGas_ModelOptimal2","EU-12","EU-12","emissGHGBySectorPowerGWPAR5","ghg","N2O","Year",2030,"Vint_2030","GHG emissions - (MTCO2eq)",1.16396851689
"NoRusGas_ModelOptimal2","EU-12","EU-12","emissGHGBySectorPowerGWPAR5","ghg","SF6","Year",2030,"Vint_2030","GHG emissions - (MTCO2eq)",0.37412
"NoRusGas_ModelOptimal2","EU-15","EU-15","emissGHGBySectorBuildingsGWPAR5","ghg","CH4","Year",1990,"Vint_1990","GHG emissions - (MTCO2eq)",19.3754252810272
"NoRusGas_ModelOptimal2","EU-15","EU-15","emissGHGBySectorPowerGWPAR5","ghg","CH4","Year",1990,"Vint_1990","GHG emissions - (MTCO2eq)",1.36464972
"NoRusGas_ModelOptimal2","EU-15","EU-15","emissGHGBySectorBuildingsGWPAR5","ghg","CO2","Year",1990,"Vint_1990","GHG emissions - (MTCO2eq)",574.833342236728
"NoRusGas_ModelOptimal2","EU-15","EU-15","emissGHGBySectorPowerGWPAR5","ghg","CO2","Year",1990,"Vint_1990","GHG emissions - (MTCO2eq)",987.599625466667
"NoRusGas_ModelOptimal2","EU-15","EU-15","emissGHGBySectorBuildingsGWPAR5","ghg","HFCs","Year",1990,"Vint_1990","GHG emissions - (MTCO2eq)",0.0156041748
"NoRusGas_ModelOptimal2","EU-15","EU-15","emissGHGBySectorBuildingsGWPAR5","ghg","N2O","Year",1990,"Vint_1990","GHG emissions - (MTCO2eq)",1.87313542605
"NoRusGas_ModelOptimal2","EU-15","EU-15","emissGHGBySectorPowerGWPAR5","ghg","N2O","Year",1990,"Vint_1990","GHG emissions - (MTCO2eq)",3.62545864
"NoRusGas_ModelOptimal2","EU-15","EU-15","emissGHGBySectorPowerGWPAR5","ghg","SF6","Year",1990,"Vint_1990","GHG emissions - (MTCO2eq)",2.965559
"NoRusGas_ModelOptimal2","EU-15","EU-15","emissGHGBySectorBuildingsGWPAR5","ghg","CH4","Year",2005,"Vint_2005","GHG emissions - (MTCO2eq)",21.5598988928596
"NoRusGas_ModelOptimal2","EU-15","EU-15","emissGHGBySectorPowerGWPAR5","ghg","CH4","Year",2005,"Vint_2005","GHG emissions - (MTCO2eq)",3.788554
"NoRusGas_ModelOptimal2","EU-15","EU-15","emissGHGBySectorBuildingsGWPAR5","ghg","CO2","Year",2005,"Vint_2005","GHG emissions - (MTCO2eq)",559.505406862201
"NoRusGas_ModelOptimal2","EU-15","EU-15","emissGHGBySectorPowerGWPAR5","ghg","CO2","Year",2005,"Vint_2005","GHG emissions - (MTCO2eq)",1046.03193566667
"NoRusGas_ModelOptimal2","EU-15","EU-15","emissGHGBySectorBuildingsGWPAR5","ghg","HFCs","Year",2005,"Vint_2005","GHG emissions - (MTCO2eq)",75.511021248
"NoRusGas_ModelOptimal2","EU-15","EU-15","emissGHGBySectorBuildingsGWPAR5","ghg","N2O","Year",2005,"Vint_2005","GHG emissions - (MTCO2eq)",1.77365541185
"NoRusGas_ModelOptimal2","EU-15","EU-15","emissGHGBySectorPowerGWPAR5","ghg","N2O","Year",2005,"Vint_2005","GHG emissions - (MTCO2eq)",6.18860277
"NoRusGas_ModelOptimal2","EU-15","EU-15","emissGHGBySectorPowerGWPAR5","ghg","SF6","Year",2005,"Vint_2005","GHG emissions - (MTCO2eq)",2.434083
"NoRusGas_ModelOptimal2","EU-15","EU-15","emissGHGBySectorBuildingsGWPAR5","ghg","CH4","Year",2010,"Vint_2010","GHG emissions - (MTCO2eq)",20.4396001100144
"NoRusGas_ModelOptimal2","EU-15","EU-15","emissGHGBySectorPowerGWPAR5","ghg","CH4","Year",2010,"Vint_2010","GHG emissions - (MTCO2eq)",3.91298292
"NoRusGas_ModelOptimal2","EU-15","EU-15","emissGHGBySectorBuildingsGWPAR5","ghg","CO2","Year",2010,"Vint_2010","GHG emissions - (MTCO2eq)",530.06768702485
"NoRusGas_ModelOptimal2","EU-15","EU-15","emissGHGBySectorPowerGWPAR5","ghg","CO2","Year",2010,"Vint_2010","GHG emissions - (MTCO2eq)",950.972953333333
"NoRusGas_ModelOptimal2","EU-15","EU-15","emissGHGBySectorBuildingsGWPAR5","ghg","HFCs","Year",2010,"Vint_2010","GHG emissions - (MTCO2eq)",99.1899036
"NoRusGas_ModelOptimal2","EU-15","EU-15","emissGHGBySectorBuildingsGWPAR5","ghg","N2O","Year",2010,"Vint_2010","GHG emissions - (MTCO2eq)",2.01076538085
"NoRusGas_ModelOptimal2","EU-15","EU-15","emissGHGBySectorPowerGWPAR5","ghg","N2O","Year",2010,"Vint_2010","GHG emissions - (MTCO2eq)",6.780673985
"NoRusGas_ModelOptimal2","EU-15","EU-15","emissGHGBySectorPowerGWPAR5","ghg","SF6","Year",2010,"Vint_2010","GHG emissions - (MTCO2eq)",2.01200185
"NoRusGas_ModelOptimal2","EU-15","EU-15","emissGHGBySectorBuildingsGWPAR5","ghg","CH4","Year",2015,"Vint_2015","GHG emissions - (MTCO2eq)",15.5347648705284
"NoRusGas_ModelOptimal2","EU-15","EU-15","emissGHGBySectorPowerGWPAR5","ghg","CH4","Year",2015,"Vint_2015","GHG emissions - (MTCO2eq)",2.62020752
"NoRusGas_ModelOptimal2","EU-15","EU-15","emissGHGBySectorBuildingsGWPAR5","ghg","CO2","Year",2015,"Vint_2015","GHG emissions - (MTCO2eq)",430.976305244587
"NoRusGas_ModelOptimal2","EU-15","EU-15","emissGHGBySectorPowerGWPAR5","ghg","CO2","Year",2015,"Vint_2015","GHG emissions - (MTCO2eq)",842.591988333333
"NoRusGas_ModelOptimal2","EU-15","EU-15","emissGHGBySectorBuildingsGWPAR5","ghg","HFCs","Year",2015,"Vint_2015","GHG emissions - (MTCO2eq)",95.964761385
"NoRusGas_ModelOptimal2","EU-15","EU-15","emissGHGBySectorBuildingsGWPAR5","ghg","N2O","Year",2015,"Vint_2015","GHG emissions - (MTCO2eq)",1.8953592456
"NoRusGas_ModelOptimal2","EU-15","EU-15","emissGHGBySectorPowerGWPAR5","ghg","N2O","Year",2015,"Vint_2015","GHG emissions - (MTCO2eq)",6.98821536
"NoRusGas_ModelOptimal2","EU-15","EU-15","emissGHGBySectorPowerGWPAR5","ghg","SF6","Year",2015,"Vint_2015","GHG emissions - (MTCO2eq)",1.70939
"NoRusGas_ModelOptimal2","EU-15","EU-15","emissGHGBySectorBuildingsGWPAR5","ghg","CH4","Year",2020,"Vint_2020","GHG emissions - (MTCO2eq)",15.492189779206
"NoRusGas_ModelOptimal2","EU-15","EU-15","emissGHGBySectorPowerGWPAR5","ghg","CH4","Year",2020,"Vint_2020","GHG emissions - (MTCO2eq)",1.6698099572
"NoRusGas_ModelOptimal2","EU-15","EU-15","emissGHGBySectorBuildingsGWPAR5","ghg","CO2","Year",2020,"Vint_2020","GHG emissions - (MTCO2eq)",430.630731049382
"NoRusGas_ModelOptimal2","EU-15","EU-15","emissGHGBySectorPowerGWPAR5","ghg","CO2","Year",2020,"Vint_2020","GHG emissions - (MTCO2eq)",852.861131833333
"NoRusGas_ModelOptimal2","EU-15","EU-15","emissGHGBySectorBuildingsGWPAR5","ghg","HFCs","Year",2020,"Vint_2020","GHG emissions - (MTCO2eq)",96.55770264345
"NoRusGas_ModelOptimal2","EU-15","EU-15","emissGHGBySectorBuildingsGWPAR5","ghg","N2O","Year",2020,"Vint_2020","GHG emissions - (MTCO2eq)",1.75359917835
"NoRusGas_ModelOptimal2","EU-15","EU-15","emissGHGBySectorPowerGWPAR5","ghg","N2O","Year",2020,"Vint_2020","GHG emissions - (MTCO2eq)",6.3972488823
"NoRusGas_ModelOptimal2","EU-15","EU-15","emissGHGBySectorPowerGWPAR5","ghg","SF6","Year",2020,"Vint_2020","GHG emissions - (MTCO2eq)",1.7352494
"NoRusGas_ModelOptimal2","EU-15","EU-15","emissGHGBySectorBuildingsGWPAR5","ghg","CH4","Year",2025,"Vint_2025","GHG emissions - (MTCO2eq)",16.3142360526236
"NoRusGas_ModelOptimal2","EU-15","EU-15","emissGHGBySectorPowerGWPAR5","ghg","CH4","Year",2025,"Vint_2025","GHG emissions - (MTCO2eq)",0.88867049768
"NoRusGas_ModelOptimal2","EU-15","EU-15","emissGHGBySectorBuildingsGWPAR5","ghg","CO2","Year",2025,"Vint_2025","GHG emissions - (MTCO2eq)",204.860979069057
"NoRusGas_ModelOptimal2","EU-15","EU-15","emissGHGBySectorPowerGWPAR5","ghg","CO2","Year",2025,"Vint_2025","GHG emissions - (MTCO2eq)",340.678130752667
"NoRusGas_ModelOptimal2","EU-15","EU-15","emissGHGBySectorBuildingsGWPAR5","ghg","HFCs","Year",2025,"Vint_2025","GHG emissions - (MTCO2eq)",66.93031458405
"NoRusGas_ModelOptimal2","EU-15","EU-15","emissGHGBySectorBuildingsGWPAR5","ghg","N2O","Year",2025,"Vint_2025","GHG emissions - (MTCO2eq)",3.130537175162
"NoRusGas_ModelOptimal2","EU-15","EU-15","emissGHGBySectorPowerGWPAR5","ghg","N2O","Year",2025,"Vint_2025","GHG emissions - (MTCO2eq)",2.315085784315
"NoRusGas_ModelOptimal2","EU-15","EU-15","emissGHGBySectorPowerGWPAR5","ghg","SF6","Year",2025,"Vint_2025","GHG emissions - (MTCO2eq)",1.28073355
"NoRusGas_ModelOptimal2","EU-15","EU-15","emissGHGBySectorBuildingsGWPAR5","ghg","CH4","Year",2030,"Vint_2030","GHG emissions - (MTCO2eq)",16.8435374748312
"NoRusGas_ModelOptimal2","EU-15","EU-15","emissGHGBySectorPowerGWPAR5","ghg","CH4","Year",2030,"Vint_2030","GHG emissions - (MTCO2eq)",1.00223799536
"NoRusGas_ModelOptimal2","EU-15","EU-15","emissGHGBySectorBuildingsGWPAR5","ghg","CO2","Year",2030,"Vint_2030","GHG emissions - (MTCO2eq)",222.116633997171
"NoRusGas_ModelOptimal2","EU-15","EU-15","emissGHGBySectorPowerGWPAR5","ghg","CO2","Year",2030,"Vint_2030","GHG emissions - (MTCO2eq)",438.864968043333
"NoRusGas_ModelOptimal2","EU-15","EU-15","emissGHGBySectorBuildingsGWPAR5","ghg","HFCs","Year",2030,"Vint_2030","GHG emissions - (MTCO2eq)",66.32915263695
"NoRusGas_ModelOptimal2","EU-15","EU-15","emissGHGBySectorBuildingsGWPAR5","ghg","N2O","Year",2030,"Vint_2030","GHG emissions - (MTCO2eq)",3.12133593876
"NoRusGas_ModelOptimal2","EU-15","EU-15","emissGHGBySectorPowerGWPAR5","ghg","N2O","Year",2030,"Vint_2030","GHG emissions - (MTCO2eq)",2.99169792286
"NoRusGas_ModelOptimal2","EU-15","EU-15","emissGHGBySectorPowerGWPAR5","ghg","SF6","Year",2030,"Vint_2030","GHG emissions - (MTCO2eq)",1.4816327
"NoRusGas_constrained_ModelOptimal","EU-12","EU-12","emissGHGBySectorBuildingsGWPAR5","ghg","CH4","Year",1990,"Vint_1990","GHG emissions - (MTCO2eq)",8.657364198
"NoRusGas_constrained_ModelOptimal","EU-12","EU-12","emissGHGBySectorPowerGWPAR5","ghg","CH4","Year",1990,"Vint_1990","GHG emissions - (MTCO2eq)",1.4052636248
"NoRusGas_constrained_ModelOptimal","EU-12","EU-12","emissGHGBySectorBuildingsGWPAR5","ghg","CO2","Year",1990,"Vint_1990","GHG emissions - (MTCO2eq)",131.508139655449
"NoRusGas_constrained_ModelOptimal","EU-12","EU-12","emissGHGBySectorPowerGWPAR5","ghg","CO2","Year",1990,"Vint_1990","GHG emissions - (MTCO2eq)",358.497947107667
"NoRusGas_constrained_ModelOptimal","EU-12","EU-12","emissGHGBySectorBuildingsGWPAR5","ghg","HFCs","Year",1990,"Vint_1990","GHG emissions - (MTCO2eq)",0.0003896084475
"NoRusGas_constrained_ModelOptimal","EU-12","EU-12","emissGHGBySectorBuildingsGWPAR5","ghg","N2O","Year",1990,"Vint_1990","GHG emissions - (MTCO2eq)",0.7870550721
"NoRusGas_constrained_ModelOptimal","EU-12","EU-12","emissGHGBySectorPowerGWPAR5","ghg","N2O","Year",1990,"Vint_1990","GHG emissions - (MTCO2eq)",1.3069820723
"NoRusGas_constrained_ModelOptimal","EU-12","EU-12","emissGHGBySectorPowerGWPAR5","ghg","SF6","Year",1990,"Vint_1990","GHG emissions - (MTCO2eq)",0.125633585
"NoRusGas_constrained_ModelOptimal","EU-12","EU-12","emissGHGBySectorBuildingsGWPAR5","ghg","CH4","Year",2005,"Vint_2005","GHG emissions - (MTCO2eq)",10.3138561708
"NoRusGas_constrained_ModelOptimal","EU-12","EU-12","emissGHGBySectorPowerGWPAR5","ghg","CH4","Year",2005,"Vint_2005","GHG emissions - (MTCO2eq)",1.099648172
"NoRusGas_constrained_ModelOptimal","EU-12","EU-12","emissGHGBySectorBuildingsGWPAR5","ghg","CO2","Year",2005,"Vint_2005","GHG emissions - (MTCO2eq)",92.0890806402369
"NoRusGas_constrained_ModelOptimal","EU-12","EU-12","emissGHGBySectorPowerGWPAR5","ghg","CO2","Year",2005,"Vint_2005","GHG emissions - (MTCO2eq)",313.465829233333
"NoRusGas_constrained_ModelOptimal","EU-12","EU-12","emissGHGBySectorBuildingsGWPAR5","ghg","HFCs","Year",2005,"Vint_2005","GHG emissions - (MTCO2eq)",8.1084477015
"NoRusGas_constrained_ModelOptimal","EU-12","EU-12","emissGHGBySectorBuildingsGWPAR5","ghg","N2O","Year",2005,"Vint_2005","GHG emissions - (MTCO2eq)",0.63268669705
"NoRusGas_constrained_ModelOptimal","EU-12","EU-12","emissGHGBySectorPowerGWPAR5","ghg","N2O","Year",2005,"Vint_2005","GHG emissions - (MTCO2eq)",1.914980895
"NoRusGas_constrained_ModelOptimal","EU-12","EU-12","emissGHGBySectorPowerGWPAR5","ghg","SF6","Year",2005,"Vint_2005","GHG emissions - (MTCO2eq)",0.229383735
"NoRusGas_constrained_ModelOptimal","EU-12","EU-12","emissGHGBySectorBuildingsGWPAR5","ghg","CH4","Year",2010,"Vint_2010","GHG emissions - (MTCO2eq)",10.9943651944
"NoRusGas_constrained_ModelOptimal","EU-12","EU-12","emissGHGBySectorPowerGWPAR5","ghg","CH4","Year",2010,"Vint_2010","GHG emissions - (MTCO2eq)",1.12778988
"NoRusGas_constrained_ModelOptimal","EU-12","EU-12","emissGHGBySectorBuildingsGWPAR5","ghg","CO2","Year",2010,"Vint_2010","GHG emissions - (MTCO2eq)",97.806939736148
"NoRusGas_constrained_ModelOptimal","EU-12","EU-12","emissGHGBySectorPowerGWPAR5","ghg","CO2","Year",2010,"Vint_2010","GHG emissions - (MTCO2eq)",315.451973561267
"NoRusGas_constrained_ModelOptimal","EU-12","EU-12","emissGHGBySectorBuildingsGWPAR5","ghg","HFCs","Year",2010,"Vint_2010","GHG emissions - (MTCO2eq)",14.262526989675
"NoRusGas_constrained_ModelOptimal","EU-12","EU-12","emissGHGBySectorBuildingsGWPAR5","ghg","N2O","Year",2010,"Vint_2010","GHG emissions - (MTCO2eq)",0.7555557146
"NoRusGas_constrained_ModelOptimal","EU-12","EU-12","emissGHGBySectorPowerGWPAR5","ghg","N2O","Year",2010,"Vint_2010","GHG emissions - (MTCO2eq)",2.30523288
"NoRusGas_constrained_ModelOptimal","EU-12","EU-12","emissGHGBySectorPowerGWPAR5","ghg","SF6","Year",2010,"Vint_2010","GHG emissions - (MTCO2eq)",0.3263163
"NoRusGas_constrained_ModelOptimal","EU-12","EU-12","emissGHGBySectorBuildingsGWPAR5","ghg","CH4","Year",2015,"Vint_2015","GHG emissions - (MTCO2eq)",9.4087523012
"NoRusGas_constrained_ModelOptimal","EU-12","EU-12","emissGHGBySectorPowerGWPAR5","ghg","CH4","Year",2015,"Vint_2015","GHG emissions - (MTCO2eq)",0.98539784
"NoRusGas_constrained_ModelOptimal","EU-12","EU-12","emissGHGBySectorBuildingsGWPAR5","ghg","CO2","Year",2015,"Vint_2015","GHG emissions - (MTCO2eq)",78.1285477016481
"NoRusGas_constrained_ModelOptimal","EU-12","EU-12","emissGHGBySectorPowerGWPAR5","ghg","CO2","Year",2015,"Vint_2015","GHG emissions - (MTCO2eq)",284.888314445167
"NoRusGas_constrained_ModelOptimal","EU-12","EU-12","emissGHGBySectorBuildingsGWPAR5","ghg","HFCs","Year",2015,"Vint_2015","GHG emissions - (MTCO2eq)",19.27632644775
"NoRusGas_constrained_ModelOptimal","EU-12","EU-12","emissGHGBySectorBuildingsGWPAR5","ghg","N2O","Year",2015,"Vint_2015","GHG emissions - (MTCO2eq)",0.69670072245
"NoRusGas_constrained_ModelOptimal","EU-12","EU-12","emissGHGBySectorPowerGWPAR5","ghg","N2O","Year",2015,"Vint_2015","GHG emissions - (MTCO2eq)",2.709250025
"NoRusGas_constrained_ModelOptimal","EU-12","EU-12","emissGHGBySectorPowerGWPAR5","ghg","SF6","Year",2015,"Vint_2015","GHG emissions - (MTCO2eq)",0.36637675
"NoRusGas_constrained_ModelOptimal","EU-12","EU-12","emissGHGBySectorBuildingsGWPAR5","ghg","CH4","Year",2020,"Vint_2020","GHG emissions - (MTCO2eq)",10.1939979624
"NoRusGas_constrained_ModelOptimal","EU-12","EU-12","emissGHGBySectorPowerGWPAR5","ghg","CH4","Year",2020,"Vint_2020","GHG emissions - (MTCO2eq)",1.03285733824
"NoRusGas_constrained_ModelOptimal","EU-12","EU-12","emissGHGBySectorBuildingsGWPAR5","ghg","CO2","Year",2020,"Vint_2020","GHG emissions - (MTCO2eq)",83.618470405877
"NoRusGas_constrained_ModelOptimal","EU-12","EU-12","emissGHGBySectorPowerGWPAR5","ghg","CO2","Year",2020,"Vint_2020","GHG emissions - (MTCO2eq)",324.517152960733
"NoRusGas_constrained_ModelOptimal","EU-12","EU-12","emissGHGBySectorBuildingsGWPAR5","ghg","HFCs","Year",2020,"Vint_2020","GHG emissions - (MTCO2eq)",21.51566773155
"NoRusGas_constrained_ModelOptimal","EU-12","EU-12","emissGHGBySectorBuildingsGWPAR5","ghg","N2O","Year",2020,"Vint_2020","GHG emissions - (MTCO2eq)",0.65221476435
"NoRusGas_constrained_ModelOptimal","EU-12","EU-12","emissGHGBySectorPowerGWPAR5","ghg","N2O","Year",2020,"Vint_2020","GHG emissions - (MTCO2eq)",3.1960215343
"NoRusGas_constrained_ModelOptimal","EU-12","EU-12","emissGHGBySectorPowerGWPAR5","ghg","SF6","Year",2020,"Vint_2020","GHG emissions - (MTCO2eq)",0.41298665
"NoRusGas_constrained_ModelOptimal","EU-12","EU-12","emissGHGBySectorBuildingsGWPAR5","ghg","CH4","Year",2025,"Vint_2025","GHG emissions - (MTCO2eq)",10.72426236644
"NoRusGas_constrained_ModelOptimal","EU-12","EU-12","emissGHGBySectorPowerGWPAR5","ghg","CH4","Year",2025,"Vint_2025","GHG emissions - (MTCO2eq)",0.554794316328
"NoRusGas_constrained_ModelOptimal","EU-12","EU-12","emissGHGBySectorBuildingsGWPAR5","ghg","CO2","Year",2025,"Vint_2025","GHG emissions - (MTCO2eq)",43.2347982701701
"NoRusGas_constrained_ModelOptimal","EU-12","EU-12","emissGHGBySectorPowerGWPAR5","ghg","CO2","Year",2025,"Vint_2025","GHG emissions - (MTCO2eq)",116.375329972
"NoRusGas_constrained_ModelOptimal","EU-12","EU-12","emissGHGBySectorBuildingsGWPAR5","ghg","HFCs","Year",2025,"Vint_2025","GHG emissions - (MTCO2eq)",15.224646714975
"NoRusGas_constrained_ModelOptimal","EU-12","EU-12","emissGHGBySectorBuildingsGWPAR5","ghg","N2O","Year",2025,"Vint_2025","GHG emissions - (MTCO2eq)",0.851893674945
"NoRusGas_constrained_ModelOptimal","EU-12","EU-12","emissGHGBySectorPowerGWPAR5","ghg","N2O","Year",2025,"Vint_2025","GHG emissions - (MTCO2eq)",1.0363486733885
"NoRusGas_constrained_ModelOptimal","EU-12","EU-12","emissGHGBySectorPowerGWPAR5","ghg","SF6","Year",2025,"Vint_2025","GHG emissions - (MTCO2eq)",0.28672115
"NoRusGas_constrained_ModelOptimal","EU-12","EU-12","emissGHGBySectorBuildingsGWPAR5","ghg","CH4","Year",2030,"Vint_2030","GHG emissions - (MTCO2eq)",11.82726015212
"NoRusGas_constrained_ModelOptimal","EU-12","EU-12","emissGHGBySectorPowerGWPAR5","ghg","CH4","Year",2030,"Vint_2030","GHG emissions - (MTCO2eq)",0.511605631432
"NoRusGas_constrained_ModelOptimal","EU-12","EU-12","emissGHGBySectorBuildingsGWPAR5","ghg","CO2","Year",2030,"Vint_2030","GHG emissions - (MTCO2eq)",42.9418567787124
"NoRusGas_constrained_ModelOptimal","EU-12","EU-12","emissGHGBySectorPowerGWPAR5","ghg","CO2","Year",2030,"Vint_2030","GHG emissions - (MTCO2eq)",198.015138695367
"NoRusGas_constrained_ModelOptimal","EU-12","EU-12","emissGHGBySectorBuildingsGWPAR5","ghg","HFCs","Year",2030,"Vint_2030","GHG emissions - (MTCO2eq)",16.88250044196
"NoRusGas_constrained_ModelOptimal","EU-12","EU-12","emissGHGBySectorBuildingsGWPAR5","ghg","N2O","Year",2030,"Vint_2030","GHG emissions - (MTCO2eq)",1.054304625565
"NoRusGas_constrained_ModelOptimal","EU-12","EU-12","emissGHGBySectorPowerGWPAR5","ghg","N2O","Year",2030,"Vint_2030","GHG emissions - (MTCO2eq)",1.8705514225245
"NoRusGas_constrained_ModelOptimal","EU-12","EU-12","emissGHGBySectorPowerGWPAR5","ghg","SF6","Year",2030,"Vint_2030","GHG emissions - (MTCO2eq)",0.4036595
"NoRusGas_constrained_ModelOptimal","EU-15","EU-15","emissGHGBySectorBuildingsGWPAR5","ghg","CH4","Year",1990,"Vint_1990","GHG emissions - (MTCO2eq)",19.3754252810272
"NoRusGas_constrained_ModelOptimal","EU-15","EU-15","emissGHGBySectorPowerGWPAR5","ghg","CH4","Year",1990,"Vint_1990","GHG emissions - (MTCO2eq)",1.36464972
"NoRusGas_constrained_ModelOptimal","EU-15","EU-15","emissGHGBySectorBuildingsGWPAR5","ghg","CO2","Year",1990,"Vint_1990","GHG emissions - (MTCO2eq)",574.833342236728
"NoRusGas_constrained_ModelOptimal","EU-15","EU-15","emissGHGBySectorPowerGWPAR5","ghg","CO2","Year",1990,"Vint_1990","GHG emissions - (MTCO2eq)",987.599625466667
"NoRusGas_constrained_ModelOptimal","EU-15","EU-15","emissGHGBySectorBuildingsGWPAR5","ghg","HFCs","Year",1990,"Vint_1990","GHG emissions - (MTCO2eq)",0.0156041748
"NoRusGas_constrained_ModelOptimal","EU-15","EU-15","emissGHGBySectorBuildingsGWPAR5","ghg","N2O","Year",1990,"Vint_1990","GHG emissions - (MTCO2eq)",1.87313542605
"NoRusGas_constrained_ModelOptimal","EU-15","EU-15","emissGHGBySectorPowerGWPAR5","ghg","N2O","Year",1990,"Vint_1990","GHG emissions - (MTCO2eq)",3.62545864
"NoRusGas_constrained_ModelOptimal","EU-15","EU-15","emissGHGBySectorPowerGWPAR5","ghg","SF6","Year",1990,"Vint_1990","GHG emissions - (MTCO2eq)",2.965559
"NoRusGas_constrained_ModelOptimal","EU-15","EU-15","emissGHGBySectorBuildingsGWPAR5","ghg","CH4","Year",2005,"Vint_2005","GHG emissions - (MTCO2eq)",21.5598988928596
"NoRusGas_constrained_ModelOptimal","EU-15","EU-15","emissGHGBySectorPowerGWPAR5","ghg","CH4","Year",2005,"Vint_2005","GHG emissions - (MTCO2eq)",3.788554
"NoRusGas_constrained_ModelOptimal","EU-15","EU-15","emissGHGBySectorBuildingsGWPAR5","ghg","CO2","Year",2005,"Vint_2005","GHG emissions - (MTCO2eq)",559.505406862201
"NoRusGas_constrained_ModelOptimal","EU-15","EU-15","emissGHGBySectorPowerGWPAR5","ghg","CO2","Year",2005,"Vint_2005","GHG emissions - (MTCO2eq)",1046.03193566667
"NoRusGas_constrained_ModelOptimal","EU-15","EU-15","emissGHGBySectorBuildingsGWPAR5","ghg","HFCs","Year",2005,"Vint_2005","GHG emissions - (MTCO2eq)",75.511021248
"NoRusGas_constrained_ModelOptimal","EU-15","EU-15","emissGHGBySectorBuildingsGWPAR5","ghg","N2O","Year",2005,"Vint_2005","GHG emissions - (MTCO2eq)",1.77365541185
"NoRusGas_constrained_ModelOptimal","EU-15","EU-15","emissGHGBySectorPowerGWPAR5","ghg","N2O","Year",2005,"Vint_2005","GHG emissions - (MTCO2eq)",6.18860277
"NoRusGas_constrained_ModelOptimal","EU-15","EU-15","emissGHGBySectorPowerGWPAR5","ghg","SF6","Year",2005,"Vint_2005","GHG emissions - (MTCO2eq)",2.434083
"NoRusGas_constrained_ModelOptimal","EU-15","EU-15","emissGHGBySectorBuildingsGWPAR5","ghg","CH4","Year",2010,"Vint_2010","GHG emissions - (MTCO2eq)",20.4396001100144
"NoRusGas_constrained_ModelOptimal","EU-15","EU-15","emissGHGBySectorPowerGWPAR5","ghg","CH4","Year",2010,"Vint_2010","GHG emissions - (MTCO2eq)",3.91298292
"NoRusGas_constrained_ModelOptimal","EU-15","EU-15","emissGHGBySectorBuildingsGWPAR5","ghg","CO2","Year",2010,"Vint_2010","GHG emissions - (MTCO2eq)",530.06768702485
"NoRusGas_constrained_ModelOptimal","EU-15","EU-15","emissGHGBySectorPowerGWPAR5","ghg","CO2","Year",2010,"Vint_2010","GHG emissions - (MTCO2eq)",950.972953333333
"NoRusGas_constrained_ModelOptimal","EU-15","EU-15","emissGHGBySectorBuildingsGWPAR5","ghg","HFCs","Year",2010,"Vint_2010","GHG emissions - (MTCO2eq)",99.1899036
"NoRusGas_constrained_ModelOptimal","EU-15","EU-15","emissGHGBySectorBuildingsGWPAR5","ghg","N2O","Year",2010,"Vint_2010","GHG emissions - (MTCO2eq)",2.01076538085
"NoRusGas_constrained_ModelOptimal","EU-15","EU-15","emissGHGBySectorPowerGWPAR5","ghg","N2O","Year",2010,"Vint_2010","GHG emissions - (MTCO2eq)",6.780673985
"NoRusGas_constrained_ModelOptimal","EU-15","EU-15","emissGHGBySectorPowerGWPAR5","ghg","SF6","Year",2010,"Vint_2010","GHG emissions - (MTCO2eq)",2.01200185
"NoRusGas_constrained_ModelOptimal","EU-15","EU-15","emissGHGBySectorBuildingsGWPAR5","ghg","CH4","Year",2015,"Vint_2015","GHG emissions - (MTCO2eq)",15.5347648705284
"NoRusGas_constrained_ModelOptimal","EU-15","EU-15","emissGHGBySectorPowerGWPAR5","ghg","CH4","Year",2015,"Vint_2015","GHG emissions - (MTCO2eq)",2.62020752
"NoRusGas_constrained_ModelOptimal","EU-15","EU-15","emissGHGBySectorBuildingsGWPAR5","ghg","CO2","Year",2015,"Vint_2015","GHG emissions - (MTCO2eq)",430.976305244587
"NoRusGas_constrained_ModelOptimal","EU-15","EU-15","emissGHGBySectorPowerGWPAR5","ghg","CO2","Year",2015,"Vint_2015","GHG emissions - (MTCO2eq)",842.591988333333
"NoRusGas_constrained_ModelOptimal","EU-15","EU-15","emissGHGBySectorBuildingsGWPAR5","ghg","HFCs","Year",2015,"Vint_2015","GHG emissions - (MTCO2eq)",95.964761385
"NoRusGas_constrained_ModelOptimal","EU-15","EU-15","emissGHGBySectorBuildingsGWPAR5","ghg","N2O","Year",2015,"Vint_2015","GHG emissions - (MTCO2eq)",1.8953592456
"NoRusGas_constrained_ModelOptimal","EU-15","EU-15","emissGHGBySectorPowerGWPAR5","ghg","N2O","Year",2015,"Vint_2015","GHG emissions - (MTCO2eq)",6.98821536
"NoRusGas_constrained_ModelOptimal","EU-15","EU-15","emissGHGBySectorPowerGWPAR5","ghg","SF6","Year",2015,"Vint_2015","GHG emissions - (MTCO2eq)",1.70939
"NoRusGas_constrained_ModelOptimal","EU-15","EU-15","emissGHGBySectorBuildingsGWPAR5","ghg","CH4","Year",2020,"Vint_2020","GHG emissions - (MTCO2eq)",15.492189779206
"NoRusGas_constrained_ModelOptimal","EU-15","EU-15","emissGHGBySectorPowerGWPAR5","ghg","CH4","Year",2020,"Vint_2020","GHG emissions - (MTCO2eq)",1.6698099572
"NoRusGas_constrained_ModelOptimal","EU-15","EU-15","emissGHGBySectorBuildingsGWPAR5","ghg","CO2","Year",2020,"Vint_2020","GHG emissions - (MTCO2eq)",430.630731049382
"NoRusGas_constrained_ModelOptimal","EU-15","EU-15","emissGHGBySectorPowerGWPAR5","ghg","CO2","Year",2020,"Vint_2020","GHG emissions - (MTCO2eq)",852.861131833333
"NoRusGas_constrained_ModelOptimal","EU-15","EU-15","emissGHGBySectorBuildingsGWPAR5","ghg","HFCs","Year",2020,"Vint_2020","GHG emissions - (MTCO2eq)",96.55770264345
"NoRusGas_constrained_ModelOptimal","EU-15","EU-15","emissGHGBySectorBuildingsGWPAR5","ghg","N2O","Year",2020,"Vint_2020","GHG emissions - (MTCO2eq)",1.75359917835
"NoRusGas_constrained_ModelOptimal","EU-15","EU-15","emissGHGBySectorPowerGWPAR5","ghg","N2O","Year",2020,"Vint_2020","GHG emissions - (MTCO2eq)",6.3972488823
"NoRusGas_constrained_ModelOptimal","EU-15","EU-15","emissGHGBySectorPowerGWPAR5","ghg","SF6","Year",2020,"Vint_2020","GHG emissions - (MTCO2eq)",1.7352494
"NoRusGas_constrained_ModelOptimal","EU-15","EU-15","emissGHGBySectorBuildingsGWPAR5","ghg","CH4","Year",2025,"Vint_2025","GHG emissions - (MTCO2eq)",16.5197536918008
"NoRusGas_constrained_ModelOptimal","EU-15","EU-15","emissGHGBySectorPowerGWPAR5","ghg","CH4","Year",2025,"Vint_2025","GHG emissions - (MTCO2eq)",1.05260155196
"NoRusGas_constrained_ModelOptimal","EU-15","EU-15","emissGHGBySectorBuildingsGWPAR5","ghg","CO2","Year",2025,"Vint_2025","GHG emissions - (MTCO2eq)",253.058211407946
"NoRusGas_constrained_ModelOptimal","EU-15","EU-15","emissGHGBySectorPowerGWPAR5","ghg","CO2","Year",2025,"Vint_2025","GHG emissions - (MTCO2eq)",372.501056242333
"NoRusGas_constrained_ModelOptimal","EU-15","EU-15","emissGHGBySectorBuildingsGWPAR5","ghg","HFCs","Year",2025,"Vint_2025","GHG emissions - (MTCO2eq)",66.8008322766
"NoRusGas_constrained_ModelOptimal","EU-15","EU-15","emissGHGBySectorBuildingsGWPAR5","ghg","N2O","Year",2025,"Vint_2025","GHG emissions - (MTCO2eq)",2.8348361345345
"NoRusGas_constrained_ModelOptimal","EU-15","EU-15","emissGHGBySectorPowerGWPAR5","ghg","N2O","Year",2025,"Vint_2025","GHG emissions - (MTCO2eq)",2.457558717995
"NoRusGas_constrained_ModelOptimal","EU-15","EU-15","emissGHGBySectorPowerGWPAR5","ghg","SF6","Year",2025,"Vint_2025","GHG emissions - (MTCO2eq)",1.2421442
"NoRusGas_constrained_ModelOptimal","EU-15","EU-15","emissGHGBySectorBuildingsGWPAR5","ghg","CH4","Year",2030,"Vint_2030","GHG emissions - (MTCO2eq)",19.1792115111156
"NoRusGas_constrained_ModelOptimal","EU-15","EU-15","emissGHGBySectorPowerGWPAR5","ghg","CH4","Year",2030,"Vint_2030","GHG emissions - (MTCO2eq)",1.17492965492
"NoRusGas_constrained_ModelOptimal","EU-15","EU-15","emissGHGBySectorBuildingsGWPAR5","ghg","CO2","Year",2030,"Vint_2030","GHG emissions - (MTCO2eq)",235.205782609374
"NoRusGas_constrained_ModelOptimal","EU-15","EU-15","emissGHGBySectorPowerGWPAR5","ghg","CO2","Year",2030,"Vint_2030","GHG emissions - (MTCO2eq)",629.984433262653
"NoRusGas_constrained_ModelOptimal","EU-15","EU-15","emissGHGBySectorBuildingsGWPAR5","ghg","HFCs","Year",2030,"Vint_2030","GHG emissions - (MTCO2eq)",69.9379995465
"NoRusGas_constrained_ModelOptimal","EU-15","EU-15","emissGHGBySectorBuildingsGWPAR5","ghg","N2O","Year",2030,"Vint_2030","GHG emissions - (MTCO2eq)",3.695087736938
"NoRusGas_constrained_ModelOptimal","EU-15","EU-15","emissGHGBySectorPowerGWPAR5","ghg","N2O","Year",2030,"Vint_2030","GHG emissions - (MTCO2eq)",4.567712420395
"NoRusGas_constrained_ModelOptimal","EU-15","EU-15","emissGHGBySectorPowerGWPAR5","ghg","SF6","Year",2030,"Vint_2030","GHG emissions - (MTCO2eq)",1.60160725
